{"valid/accuracy":0.4073333333333333,"valid/loss":2.4011925078452903,"_runtime":341.4611206,"train/accuracy":0.2271356783919598,"_step":0,"epoch":1,"_timestamp":1.7757589527396255e+09,"train/loss":2.5494332744720136,"_wandb":{"runtime":341}}